{
  "auc": 0.784437295845163,
  "f1": 0.4876210979547902,
  "precision": 0.3966725043782837,
  "recall": 0.63268156424581,
  "confusion_matrix": [
    [
      2971,
      689
    ],
    [
      263,
      453
    ]
  ],
  "classification_report": {
    "0": {
      "precision": 0.9186765615337044,
      "recall": 0.8117486338797815,
      "f1-score": 0.8619089062953293,
      "support": 3660.0
    },
    "1": {
      "precision": 0.3966725043782837,
      "recall": 0.63268156424581,
      "f1-score": 0.4876210979547902,
      "support": 716.0
    },
    "accuracy": 0.7824497257769653,
    "macro avg": {
      "precision": 0.6576745329559941,
      "recall": 0.7222150990627958,
      "f1-score": 0.6747650021250597,
      "support": 4376.0
    },
    "weighted avg": {
      "precision": 0.8332663913044354,
      "recall": 0.7824497257769653,
      "f1-score": 0.8006680308904331,
      "support": 4376.0
    }
  }
}